Model,"Price","Country","Reliability","MPG","Type","Weight","EngineSizeCI","HP"
"Eagle Summit 4",8895,"USA",4,33,"Small",2560,97,113
"Ford Escort   4",7402,"USA",2,33,"Small",2345,114,90
"Ford Festiva 4",6319,"Korea",4,37,"Small",1845,81,63
"Honda Civic 4",6635,Japan,5,32,"Small",2260,91,92
"Mazda Protege 4",6599,"Japan",5,32,"Small",2440,113,103
"Mercury Tracer 4",8672,"Mexico",4,26,"Small",2285,97,82
"Nissan Sentra 4",7399,Japan,5,33,"Small",2275,97,90
"Pontiac LeMans 4",7254,"Korea",1,28,"Small",2350,98,74
"Subaru Loyale 4",9599,"Japan",5,25,"Small",2295,109,90
"Subaru Justy 3",5866,"Japan",NA,34,"Small",1900,73,73
"Toyota Corolla 4",8748,Japan,5,29,"Small",2390,97,102
"Toyota Tercel 4",6488,"Japan",5,35,"Small",2075,89,78
"Volkswagen Jetta 4",9995,"Germany",3,26,"Small",2330,109,100
"Chevrolet Camaro V8",11545,"USA",1,20,"Sporty",3320,305,170
"Dodge Daytona",9745,"USA",1,27,"Sporty",2885,153,100
"Ford Mustang V8",12164,"USA",1,19,"Sporty",3310,302,225
"Ford Probe",11470,"USA",3,30,"Sporty",2695,133,110
"Honda Civic CRX Si 4",9410,"Japan",5,33,"Sporty",2170,97,108
"Honda Prelude Si 4WS 4",13945,"Japan",5,27,"Sporty",2710,125,140
"Nissan 240SX 4",13249,"Japan",3,24,"Sporty",2775,146,140
"Plymouth Laser",10855,"USA",NA,26,"Sporty",2840,107,92
"Subaru XT 4",13071,"Japan",NA,28,"Sporty",2485,109,97
"Audi 80 4",18900,"Germany",NA,27,"Compact",2670,121,108
"Buick Skylark 4",10565,"USA",2,23,"Compact",2640,151,110
"Chevrolet Beretta 4",10320,"USA",1,26,"Compact",2655,133,95
"Chrysler Le Baron V6",10945,"USA",4,25,"Compact",3065,181,141
"Ford Tempo 4",9483,"USA",2,24,"Compact",2750,141,98
"Honda Accord 4",12145,Japan,5,26,"Compact",2920,132,125
"Mazda 626 4",12459,Japan,4,24,"Compact",2780,133,110
"Mitsubishi Galant 4",10989,"Japan",5,25,"Compact",2745,122,102
"Mitsubishi Sigma V6",17879,"Japan",4,21,"Compact",3110,181,142
"Nissan Stanza 4",11650,"Japan",5,21,"Compact",2920,146,138
"Oldsmobile Calais 4",9995,"USA",2,23,"Compact",2645,151,110
"Peugeot 405 4",15930,"France",NA,24,"Compact",2575,116,120
"Subaru Legacy 4",11499,Japan,5,23,"Compact",2935,135,130
"Toyota Camry 4",11588,Japan,5,27,"Compact",2920,122,115
"Volvo 240 4",18450,"Sweden",3,23,"Compact",2985,141,114
"Acura Legend V6",24760,"Japan",5,20,"Medium",3265,163,160
"Buick Century 4",13150,"USA",3,21,"Medium",2880,151,110
"Chrysler Le Baron Coupe",12495,"USA",2,22,"Medium",2975,153,150
"Chrysler New Yorker V6",16342,"USA",3,22,"Medium",3450,202,147
"Eagle Premier V6",15350,"USA",2,22,"Medium",3145,180,150
"Ford Taurus V6",13195,"USA",3,22,"Medium",3190,182,140
"Ford Thunderbird V6",14980,"USA",1,23,"Medium",3610,232,140
"Hyundai Sonata 4",9999,"Korea",NA,23,"Medium",2885,143,110
"Mazda 929 V6",23300,"Japan",5,21,"Medium",3480,180,158
"Nissan Maxima V6",17899,"Japan",5,22,"Medium",3200,180,160
"Oldsmobile Cutlass Ciera 4",13150,"USA",2,21,"Medium",2765,151,110
"Oldsmobile Cutlass Supreme V6",14495,"USA",NA,21,"Medium",3220,189,135
"Toyota Cressida 6",21498,"Japan",3,23,"Medium",3480,180,190
"Buick Le Sabre V6",16145,"USA",3,23,"Large",3325,231,165
"Chevrolet Caprice V8",14525,"USA",1,18,"Large",3855,305,170
"Ford LTD Crown Victoria V8",17257,"USA",3,20,"Large",3850,302,150
"Chevrolet Lumina APV V6",13995,"USA",NA,18,"Van",3195,151,110
"Dodge Grand Caravan V6",15395,"USA",3,18,"Van",3735,202,150
"Ford Aerostar V6",12267,"USA",3,18,"Van",3665,182,145
"Mazda MPV V6",14944,"Japan",5,19,"Van",3735,181,150
"Mitsubishi Wagon 4",14929,"Japan",NA,20,"Van",3415,143,107
"Nissan Axxess 4",13949,"Japan",NA,20,"Van",3185,146,138
"Nissan Van 4",14799,"Japan",NA,19,"Van",3690,146,106
